{
	"credit": "Made with Blockbench",
	"textures": {
		"0": "roof/roof",
		"particle": "roof/roof"
	},
	"elements": [
		{
			"from": [0, 0, 15],
			"to": [16, 16, 16],
			"faces": {
				"north": {"uv": [8, 0, 16, 8], "texture": "#0"},
				"east": {"uv": [0, 8, 0.5, 16], "texture": "#0"},
				"south": {"uv": [0, 8, 8, 16], "texture": "#0"},
				"west": {"uv": [7.5, 8, 8, 16], "texture": "#0"},
				"up": {"uv": [8, 0, 16, 8], "texture": "#0"},
				"down": {"uv": [8, 0, 16, 8], "texture": "#0"}
			}
		},
		{
			"from": [0, 16, 15.29289],
			"to": [16, 16.70711, 16],
			"faces": {
				"north": {"uv": [8, 0, 16, 8], "texture": "#0"},
				"east": {"uv": [8, 0, 8.5, 0.5], "rotation": 180, "texture": "#0"},
				"south": {"uv": [8.5, 0, 9, 8], "rotation": 180, "texture": "#0"},
				"west": {"uv": [8, 0, 8.5, 0.5], "rotation": 180, "texture": "#0"},
				"up": {"uv": [8, 0, 8.5, 8], "rotation": 180, "texture": "#0"},
				"down": {"uv": [8, 0, 16, 8], "texture": "#0"}
			}
		},
		{
			"from": [0, 0, 11],
			"to": [16, 12, 12],
			"faces": {
				"north": {"uv": [8, 0, 16, 8], "texture": "#0"},
				"east": {"uv": [2, 10, 2.5, 16], "texture": "#0"},
				"south": {"uv": [8, 0, 16, 8], "texture": "#0"},
				"west": {"uv": [5.5, 10, 6, 16], "texture": "#0"},
				"up": {"uv": [8, 0, 16, 8], "texture": "#0"},
				"down": {"uv": [8, 0, 16, 8], "texture": "#0"}
			}
		},
		{
			"from": [0, 0, 7],
			"to": [16, 8, 8],
			"faces": {
				"north": {"uv": [8, 0, 16, 8], "texture": "#0"},
				"east": {"uv": [4, 12, 4.5, 16], "texture": "#0"},
				"south": {"uv": [8, 0, 16, 8], "texture": "#0"},
				"west": {"uv": [3.5, 12, 4, 16], "texture": "#0"},
				"up": {"uv": [8, 0, 16, 8], "texture": "#0"},
				"down": {"uv": [8, 0, 16, 8], "texture": "#0"}
			}
		},
		{
			"from": [0, 0, 3],
			"to": [16, 4, 4],
			"faces": {
				"north": {"uv": [8, 0, 16, 8], "texture": "#0"},
				"east": {"uv": [6, 14, 6.5, 16], "texture": "#0"},
				"south": {"uv": [8, 0, 16, 8], "texture": "#0"},
				"west": {"uv": [1.5, 14, 2, 16], "texture": "#0"},
				"up": {"uv": [8, 0, 16, 8], "texture": "#0"},
				"down": {"uv": [8, 0, 16, 8], "texture": "#0"}
			}
		},
		{
			"from": [0, 0, 14],
			"to": [16, 15, 15],
			"faces": {
				"north": {"uv": [8, 0, 16, 8], "texture": "#0"},
				"east": {"uv": [0.5, 8.5, 1, 16], "texture": "#0"},
				"south": {"uv": [8, 0, 16, 8], "texture": "#0"},
				"west": {"uv": [7, 8.5, 7.5, 16], "texture": "#0"},
				"up": {"uv": [8, 0, 16, 8], "texture": "#0"},
				"down": {"uv": [8, 0, 16, 8], "texture": "#0"}
			}
		},
		{
			"from": [0, 0, 10],
			"to": [16, 11, 11],
			"faces": {
				"north": {"uv": [8, 0, 16, 8], "texture": "#0"},
				"east": {"uv": [2.5, 10.5, 3, 16], "texture": "#0"},
				"south": {"uv": [8, 0, 16, 8], "texture": "#0"},
				"west": {"uv": [5, 10.5, 5.5, 16], "texture": "#0"},
				"up": {"uv": [8, 0, 16, 8], "texture": "#0"},
				"down": {"uv": [8, 0, 16, 8], "texture": "#0"}
			}
		},
		{
			"from": [0, 0, 6],
			"to": [16, 7, 7],
			"faces": {
				"north": {"uv": [8, 0, 16, 8], "texture": "#0"},
				"east": {"uv": [4.5, 12.5, 5, 16], "texture": "#0"},
				"south": {"uv": [8, 0, 16, 8], "texture": "#0"},
				"west": {"uv": [3, 12.5, 3.5, 16], "texture": "#0"},
				"up": {"uv": [8, 0, 16, 8], "texture": "#0"},
				"down": {"uv": [8, 0, 16, 8], "texture": "#0"}
			}
		},
		{
			"from": [0, 0, 2],
			"to": [16, 3, 3],
			"faces": {
				"north": {"uv": [8, 0, 16, 8], "texture": "#0"},
				"east": {"uv": [6.5, 14.5, 7, 16], "texture": "#0"},
				"south": {"uv": [8, 0, 16, 8], "texture": "#0"},
				"west": {"uv": [1, 14.5, 1.75, 16], "texture": "#0"},
				"up": {"uv": [8, 0, 16, 8], "texture": "#0"},
				"down": {"uv": [8, 0, 16, 8], "texture": "#0"}
			}
		},
		{
			"from": [0, 0, 13],
			"to": [16, 14, 14],
			"faces": {
				"north": {"uv": [8, 0, 16, 8], "texture": "#0"},
				"east": {"uv": [1, 9, 1.5, 16], "texture": "#0"},
				"south": {"uv": [8, 0, 16, 8], "texture": "#0"},
				"west": {"uv": [6.5, 9, 7, 16], "texture": "#0"},
				"up": {"uv": [8, 0, 16, 8], "texture": "#0"},
				"down": {"uv": [8, 0, 16, 8], "texture": "#0"}
			}
		},
		{
			"from": [0, 0, 9],
			"to": [16, 10, 10],
			"faces": {
				"north": {"uv": [8, 0, 16, 8], "texture": "#0"},
				"east": {"uv": [3, 11, 3.5, 16], "texture": "#0"},
				"south": {"uv": [8, 0, 16, 8], "texture": "#0"},
				"west": {"uv": [4.5, 11, 5, 16], "texture": "#0"},
				"up": {"uv": [8, 0, 16, 8], "texture": "#0"},
				"down": {"uv": [8, 0, 16, 8], "texture": "#0"}
			}
		},
		{
			"from": [0, 0, 5],
			"to": [16, 6, 6],
			"faces": {
				"north": {"uv": [8, 0, 16, 8], "texture": "#0"},
				"east": {"uv": [5, 13, 5.5, 16], "texture": "#0"},
				"south": {"uv": [8, 0, 16, 8], "texture": "#0"},
				"west": {"uv": [2.5, 13, 3, 16], "texture": "#0"},
				"up": {"uv": [8, 0, 16, 8], "texture": "#0"},
				"down": {"uv": [8, 0, 16, 8], "texture": "#0"}
			}
		},
		{
			"from": [0, 0, 1],
			"to": [16, 2, 2],
			"faces": {
				"north": {"uv": [8, 0, 16, 8], "texture": "#0"},
				"east": {"uv": [7, 15, 7.5, 16], "texture": "#0"},
				"south": {"uv": [8, 0, 16, 8], "texture": "#0"},
				"west": {"uv": [0.5, 15, 1, 16], "texture": "#0"},
				"up": {"uv": [8, 0, 16, 8], "texture": "#0"},
				"down": {"uv": [8, 0, 16, 8], "texture": "#0"}
			}
		},
		{
			"from": [0, 0, 12],
			"to": [16, 13, 13],
			"faces": {
				"north": {"uv": [8, 0, 16, 8], "texture": "#0"},
				"east": {"uv": [1.5, 9.5, 2, 16], "texture": "#0"},
				"south": {"uv": [8, 0, 16, 8], "texture": "#0"},
				"west": {"uv": [6, 9.5, 6.5, 16], "texture": "#0"},
				"up": {"uv": [8, 0, 16, 8], "texture": "#0"},
				"down": {"uv": [8, 0, 16, 8], "texture": "#0"}
			}
		},
		{
			"from": [0, 0, 8],
			"to": [16, 9, 9],
			"faces": {
				"north": {"uv": [8, 0, 16, 8], "texture": "#0"},
				"east": {"uv": [3.5, 11.5, 4, 16], "texture": "#0"},
				"south": {"uv": [8, 0, 16, 8], "texture": "#0"},
				"west": {"uv": [4, 11.5, 4.5, 16], "texture": "#0"},
				"up": {"uv": [8, 0, 16, 8], "texture": "#0"},
				"down": {"uv": [8, 0, 16, 8], "texture": "#0"}
			}
		},
		{
			"from": [0, 0, 4],
			"to": [16, 5, 5],
			"faces": {
				"north": {"uv": [8, 0, 16, 8], "texture": "#0"},
				"east": {"uv": [5.5, 13.5, 6, 16], "texture": "#0"},
				"south": {"uv": [8, 0, 16, 8], "texture": "#0"},
				"west": {"uv": [2, 13.5, 2.5, 16], "texture": "#0"},
				"up": {"uv": [8, 0, 16, 8], "texture": "#0"},
				"down": {"uv": [8, 0, 16, 8], "texture": "#0"}
			}
		},
		{
			"from": [0, 0, 0],
			"to": [16, 1, 1],
			"faces": {
				"north": {"uv": [8, 0, 16, 8], "texture": "#0"},
				"east": {"uv": [7.5, 15.5, 8, 16], "texture": "#0"},
				"south": {"uv": [8, 0, 16, 8], "texture": "#0"},
				"west": {"uv": [0, 15.5, 0.5, 16], "texture": "#0"},
				"up": {"uv": [8, 0, 16, 8], "texture": "#0"},
				"down": {"uv": [8, 0, 16, 8], "texture": "#0"}
			}
		},
		{
			"from": [-0.0002, 12.68629, 1.37258],
			"to": [16.0002, 13.68629, 24],
			"rotation": {"angle": -45, "axis": "x", "origin": [8, 4.68629, 16]},
			"faces": {
				"north": {"uv": [15.5, 0, 16, 8], "rotation": 180, "texture": "#0"},
				"east": {"uv": [8, 0, 16, 0.5], "rotation": 180, "texture": "#0"},
				"south": {"uv": [8, 0, 16, 8], "rotation": 180, "texture": "#0"},
				"west": {"uv": [8, 7.5, 16, 8], "rotation": 180, "texture": "#0"},
				"up": {"uv": [8, 8, 16, 16], "rotation": 180, "texture": "#0"},
				"down": {"uv": [8, 0, 16, 8], "rotation": 180, "texture": "#0"}
			}
		},
		{
			"from": [0, 13.68629, 13.07258],
			"to": [4.8, 14.68629, 23.7],
			"rotation": {"angle": -45, "axis": "x", "origin": [8, 4.68629, 16]},
			"faces": {
				"north": {"uv": [0, 0, 8, 8], "rotation": 180, "texture": "#0"},
				"east": {"uv": [0, 0, 8, 8], "rotation": 180, "texture": "#0"},
				"south": {"uv": [0, 0, 8, 8], "rotation": 180, "texture": "#0"},
				"west": {"uv": [0, 0, 8, 8], "rotation": 180, "texture": "#0"},
				"up": {"uv": [0, 0, 5.125, 8], "rotation": 180, "texture": "#0"},
				"down": {"uv": [0, 0, 8, 8], "rotation": 180, "texture": "#0"}
			}
		},
		{
			"from": [0.9, 13.68629, 1.57258],
			"to": [7.9, 14.68629, 12.2],
			"rotation": {"angle": -45, "axis": "x", "origin": [8, 4.68629, 16]},
			"faces": {
				"north": {"uv": [0, 0, 8, 8], "rotation": 180, "texture": "#0"},
				"east": {"uv": [0, 0, 8, 8], "rotation": 180, "texture": "#0"},
				"south": {"uv": [0, 0, 8, 8], "rotation": 180, "texture": "#0"},
				"west": {"uv": [0, 0, 8, 8], "rotation": 180, "texture": "#0"},
				"up": {"uv": [0, 0, 8, 8], "rotation": 180, "texture": "#0"},
				"down": {"uv": [0, 0, 8, 8], "rotation": 180, "texture": "#0"}
			}
		},
		{
			"from": [5.8, 13.68629, 13.07258],
			"to": [12.8, 14.68629, 23.7],
			"rotation": {"angle": -45, "axis": "x", "origin": [8, 4.68629, 16]},
			"faces": {
				"north": {"uv": [0, 0, 8, 8], "rotation": 180, "texture": "#0"},
				"east": {"uv": [0, 0, 8, 8], "rotation": 180, "texture": "#0"},
				"south": {"uv": [0, 0, 8, 8], "rotation": 180, "texture": "#0"},
				"west": {"uv": [0, 0, 8, 8], "rotation": 180, "texture": "#0"},
				"up": {"uv": [0, 0, 8, 8], "rotation": 180, "texture": "#0"},
				"down": {"uv": [0, 0, 8, 8], "rotation": 180, "texture": "#0"}
			}
		},
		{
			"from": [13.8, 13.68629, 13.07258],
			"to": [16, 14.68629, 23.7],
			"rotation": {"angle": -45, "axis": "x", "origin": [8, 4.68629, 16]},
			"faces": {
				"north": {"uv": [0, 0, 8, 8], "rotation": 180, "texture": "#0"},
				"east": {"uv": [0, 0, 8, 8], "rotation": 180, "texture": "#0"},
				"south": {"uv": [0, 0, 8, 8], "rotation": 180, "texture": "#0"},
				"west": {"uv": [0, 0, 8, 8], "rotation": 180, "texture": "#0"},
				"up": {"uv": [5.125, 0, 8, 8], "rotation": 180, "texture": "#0"},
				"down": {"uv": [0, 0, 8, 8], "rotation": 180, "texture": "#0"}
			}
		},
		{
			"from": [8.9, 13.68629, 1.57258],
			"to": [15.9, 14.68629, 12.2],
			"rotation": {"angle": -45, "axis": "x", "origin": [8, 4.68629, 16]},
			"faces": {
				"north": {"uv": [0, 0, 8, 8], "rotation": 180, "texture": "#0"},
				"east": {"uv": [0, 0, 8, 8], "rotation": 180, "texture": "#0"},
				"south": {"uv": [0, 0, 8, 8], "rotation": 180, "texture": "#0"},
				"west": {"uv": [0, 0, 8, 8], "rotation": 180, "texture": "#0"},
				"up": {"uv": [0, 0, 8, 8], "rotation": 180, "texture": "#0"},
				"down": {"uv": [0, 0, 8, 8], "rotation": 180, "texture": "#0"}
			}
		}
	]
}